<beans xmlns:security="http://www.springframework.org/schema/security"
	xmlns="http://www.springframework.org/schema/beans" xmlns:xsi="http://www.w3.org/2001/XMLSchema-instance"
	xsi:schemaLocation="http://www.springframework.org/schema/beans http://www.springframework.org/schema/beans/spring-beans.xsd
						http://www.springframework.org/schema/security http://www.springframework.org/schema/security/spring-security.xsd">

	<security:authentication-manager>
		<security:authentication-provider>
			<security:user-service>
				<security:user name="user1" password="pass1"
					authorities="ROLE_Admin" />
				<security:user name="user2" password="pass2"
					authorities="ROLE_User" />
				<security:user name="user3" password="pass3"
					authorities="ROLE_Admin,ROLE_User" />
			</security:user-service>
		</security:authentication-provider>
	</security:authentication-manager>

	<bean id="blogic" class="demo.BusinessLogic">
		<security:intercept-methods>
			<security:protect access="ROLE_Admin" method="m1" />
			<security:protect access="ROLE_User" method="m2" />
		</security:intercept-methods>
	</bean>

</beans>